Precision,Recall,F1 Score,AUC
0.04237236131566029,0.7936781609195402,0.08044972620295934,0.8742548399912266
