Precision,Recall,F1 Score,AUC
0.03725999258223731,0.7505747126436781,0.07099562392976543,0.8465874902495676
