Precision,Recall,F1 Score,AUC
0.04500364466136342,0.8160919540229885,0.08530321689243985,0.8913402759317928
