Precision,Recall,F1 Score,AUC
0.025698743200150066,0.7086206896551724,0.04959874494659989,0.706622994897092
