Precision,Recall,F1 Score,AUC
0.030089009287925697,0.7149425287356321,0.05774765574227091,0.7802624518651833
