Precision,Recall,F1 Score
0.020201154001641575,0.9477011494252874,0.03955906871858845
