Precision,Recall,F1 Score,AUC
0.03899156700849176,0.7626436781609195,0.07419003158806922,0.8529335928364643
