Precision,Recall,F1 Score,AUC
0.0068415051311288486,0.006896551724137931,0.006868918145392101,0
