Precision,Recall,F1 Score,AUC
0.04185904295979208,0.7867816091954023,0.07948904049934678,0.8712445909611856
