Precision,Recall,F1 Score,AUC
0.044724598529191056,0.8105167724388033,0.08477147733737911,0.8883372813373578
