Precision,Recall,F1 Score,AUC
0.04078947368421053,0.7126436781609196,0.07716241443683884,0.8418458204235428
